-- phpMyAdmin SQL Dump
-- version 4.6.6
-- https://www.phpmyadmin.net/
--
-- Host: localhost
-- Generation Time: Nov 18, 2017 at 06:36 AM
-- Server version: 5.7.17-log
-- PHP Version: 5.6.30

SET SQL_MODE = "NO_AUTO_VALUE_ON_ZERO";
SET time_zone = "+00:00";


/*!40101 SET @OLD_CHARACTER_SET_CLIENT=@@CHARACTER_SET_CLIENT */;
/*!40101 SET @OLD_CHARACTER_SET_RESULTS=@@CHARACTER_SET_RESULTS */;
/*!40101 SET @OLD_COLLATION_CONNECTION=@@COLLATION_CONNECTION */;
/*!40101 SET NAMES utf8mb4 */;

--
-- Database: `novelism`
--

-- --------------------------------------------------------

--
-- Table structure for table `novel`
--

CREATE TABLE `novel` (
  `noID` int(3) NOT NULL,
  `perID` int(3) NOT NULL,
  `name` varchar(50) NOT NULL,
  `author` varchar(20) NOT NULL,
  `story` text NOT NULL,
  `category` varchar(20) NOT NULL,
  `numep` int(3) NOT NULL,
  `imgurl` varchar(100) NOT NULL
) ENGINE=InnoDB DEFAULT CHARSET=utf8;

--
-- Dumping data for table `novel`
--

INSERT INTO `novel` (`noID`, `perID`, `name`, `author`, `story`, `category`, `numep`, `imgurl`) VALUES
(11, 2, 'ค็อกทวย รวยล้นฟ้า', 'test', 'กะปู๋ย่อมมีหาง', 'รักโรแมนติก', 20, 'Img/s-l225.jpg'),
(12, 4, 'การเดินทางของไก่', 'Yhingkai', 'ไก่เดินไปเดินมา', 'สยองขวัญ', 20, 'Img/done-512.png'),
(13, 6, 'ข้างห้อง', 'mind', 'ตาย ดับ สยอง', 'สยองขวัญ', 3, 'Img/undefined'),
(14, 4, 'บันทึกจอมโจรแห่งสุสา', 'Yhingkai', 'กเเ', 'หมวดหมู่นิยาย', 10, 'Img/time-raiders.jpg'),
(15, 4, 'บันทึกจอมโจรแห่งสุสา', 'Yhingkai', 'อู๋เสีย ได้เล่าให้เขาฟังถึงเรื่องเรื่องแปลก ๆ ที่เกิดกับตนเมื่อครั้งอดีตที่มีอาชีพเป็นโจรลักลอบขุดสุสาน ว่า ประสบการณ์อันแปลกประหลาดครั้งนั้นนำเขาเข้าสู่การผจญภัยสุดระทึก เมื่อครอบครัวของเขาบังเอิญได้รับ โลหะทองเหลือง ชิ้นหนึ่งมาโดยบังเอิญ และที่มาของมันก็นำเขาย้อนไปสู่แคว้นโบราณแห่งหนึ่ง ซึ่งถูกฝังอยู่ในบริเวณภาคตะวันตกเฉียงเหนือของจีน จึงได้รับสมัครผู้ร่วมทางอีกจำนวนหนึ่งเพื่อมาช่วยกันขุดสุสาน และออกไปผจญภัยยังเมืองโบราณแห่งนั้น ', 'รักโรแมนติก', 10, 'Img/time-raiders.jpg'),
(16, 4, 'บันทึกจอมโจรแห่งสุสาาน', 'Yhingkai', 'อู๋เสีย ได้เล่าให้เขาฟังถึงเรื่องเรื่องแปลก ๆ ที่เกิดกับตนเมื่อครั้งอดีตที่มีอาชีพเป็นโจรลักลอบขุดสุสาน ว่า ประสบการณ์อันแปลกประหลาดครั้งนั้นนำเขาเข้าสู่การผจญภัยสุดระทึก เมื่อครอบครัวของเขาบังเอิญได้รับ โลหะทองเหลือง ชิ้นหนึ่งมาโดยบังเอิญ และที่มาของมันก็นำเขาย้อนไปสู่แคว้นโบราณแห่งหนึ่ง ซึ่งถูกฝังอยู่ในบริเวณภาคตะวันตกเฉียงเหนือของจีน จึงได้รับสมัครผู้ร่วมทางอีกจำนวนหนึ่งเพื่อมาช่วยกันขุดสุสาน และออกไปผจญภัยยังเมืองโบราณแห่งนั้น', 'รักโรแมนติก', 10, 'Img/time-raiders.jpg'),
(17, 4, 'ฉู่หวังเฟย', 'Yhingkai', 'เมื่อหนึ่งวิญญาณหญิงสาวผู้เก่งกาจปราดเปรื่องและหนึ่งร่างกายงามชดช้อยอ่อนหวานหลอมรวมเป็นหนึ่งเดียวกันทว่าภาพเหตุการณ์ที่เจ้าของร่างฆ่าตัวตาย ด้วยความช้ำชอกใจ อย่างไร้ผู้ใดเวทนา เพราะถูกถอนหมั้นต่อหน้าธารกำนัลกลับฝังความแค้นไว้ในหัวใจนาง‘อวิ๋นเชียนเมิ่ง’สัญญากับตนเองว่าจะไม่มีผู้ใดรังแกร่างนี้ได้อีก ทุกความแค้นที่คนรอบข้างนางกระทำไว้จะต้องคืนสนองในที่แห่งนี้มีเพียงคนในจวนฝู่กั๋วกงเท่านั้นที่รักและจริงใจกับนางนางจึงพึ่งพิงอำนาจจากไทเฮากับจวนฝู่กั๋วกง และใช้ความสามารถในการเป็นตำรวจของร่างเดิมปกป้องตนเองเก็บซ่อนความเคียดแค้นทั้งหมดทั้งมวลไว้ที่ก้นบึ้งของหัวใจรอวันที่จะชำระแค้น ทวงทุกสิ่งที่เป็นของนางกลับคืนมา!', 'หมวดหมู่นิยาย', 20, 'Img/cover_ChuWangFei_2.jpg'),
(18, 4, 'Annabelle', 'Yhingkai', ' เรื่องราวอดีตเบื้องหลังของการกำเนิดตุ๊กตาผีอนาเบล 20 ปีก่อน สองสามีภรรยาช่างทำตุ๊กตาได้สูญเสียลูกสาวสุดที่รักไปจากอุบติเหตุรถชน ไม่นานพวกเขาก็สามารถติดต่อสื่อสารกับวิญญาณลูกสาวได้ และได้สร้างตุ๊กตาให้เธอสิงเพื่ออยู่กับพวกเขาตลอดไป… หลังจากนั้นพวกเขาก็ตัดสินใจเปิดบ้านให้เป็นที่พักพิงของเหล่าเด็กกำพร้ากับแม่ชีคนหนึ่ง และนั่นก็เป็นจุดเริ่มต้นแห่งตำนานความหลอนของตุ๊กตาผีอานาเบล', 'หมวดหมู่นิยาย', 20, 'Img/MV5BODA3NDQ0NDYwNF5BMl5BanBnXkFtZTgwMjYyNzk4MjI@._CR102,425,822,616_UX614_UY460._SY230_SX307_AL_'),
(19, 4, 'คินดะอิจิ', 'Yhingkai', 'คินดะอิจิ ฮาจิเมะ เป็นหลานชายของคินดะอิจิ โคสุเกะ ผู้มีศักดิ์เป็นปู่ ยอดนักสืบชื่อดังในอดีต คินดะอิจิชื่นชอบและมีความสามารถในด้านการสืบสวนสอบสวนเป็นอย่างมาก โดยยืดเอาคินดะอิจิ โคสุเกะ เป็นต้นแบบ มีเพื่อนสนิทในวัยเด็กและเพื่อนร่วมชั้นคือ นานาเสะ มิยูกิ ที่ติดตามคินดะอิจิไปพบกับเรื่องราวคดีฆาตกรรมหลายต่อหลายครั้ง คินดะอิจิถูกมิยูกิ บังคับให้มาเป็นเพื่อนซ้อมละครเรื่อง The Phantom of the Opera ที่โรงละครโอเปร่าที่โรงแรมที่ตั้งอยู่บนเกาะโดดเดี่ยว', 'หมวดหมู่นิยาย', 2, 'Img/spd_2010043083653_b.jpg'),
(20, 4, 'Your Name', 'Yhingkai', 'ว่าด้วยเรื่องราวสายสัมพันธ์สุดเหลือเชื่อของเด็กหนุ่มและเด็กสาวสุดแตกต่าง ระหว่าง ทาคิ เด็กหนุ่มนักเรียน ม.ปลาย ที่เติบโตในเมืองโตเกียว กับ มิทซึวะ เด็กสาว ม.ปลาย ที่ใช้ชีวิตในหุบเขาแถบชนบท ซึ่งแม้ทั้งสองดูจะมีชีวิตที่แตกต่างกัน แต่สิ่งหนึ่งที่ทั้งสองเหมือนกัน คือต่างแสวงหาการใช้ชีวิตในแบบของอีกคน ทั้งที่ทั้งสองไม่มีความเกี่ยวข้องใดๆ กันเลย จนกระทั่งคืนหนึ่ง ในวันเกิดปรากฏดาวตกในรอบพันปี ทาคิและมิทซึวะต่างฝันว่าได้ใช้ชีวิตในแบบของอีกคน จุดเริ่มต้นของสายสัมพันธ์ที่ไม่เห็นแต่สัมผัสได้จึงเริ่มขึ้น แม้พวกเขาไม่รู้ว่าคืออะไรหรือเป็นการบอกใบ้ใดก็ตาม… ', 'หมวดหมู่นิยาย', 1, 'Img/YourName-heading.jpg'),
(21, 4, 'รักเพื่อน เพื่อนรัก ', 'Yhingkai', 'เรื่องราวอันแสนดราม่าเคล้าน้ำตาของ นักเรียนแพทย์ที่ต้องเลือกระหว่างความรัก และจรรยาบรรญ', 'รักโรแมนติก', 20, 'Img/Picture1.jpg'),
(22, 4, 'Kim Bok Joo', 'Yhingkai', 'ซีรีย์เรื่องนี้ได้รับแรงบันดาลใจ จากแชมป์ยกน้ำหนักหญิงชาวเกาหลีที่ได้รับเหรียญทองโอลิมปิค ในปี 2008  “Jang Mi Ran” ซึ่งตอนนั้นเธอกำลังอยู่ในวัยเรียน และกำลังไขว่คว้าความสำเร็จด้านกีฬาตามฝันไปพร้อมๆกับการมองหารักแท้Kim Bok Joo รับบทโดย Lee Sung Kyung นักเรียนในวิทยาลัยกีฬาฮาลวู ซึ่งเพราะเธอแข็งแรง แรงเยอะตั้งแต่วัยเด็ก ทำให้เธอมาเอาดีในกีฬายกน้ำหนัก แต่ในภายนอกที่ดูแข็งแรงกว่าหญิงทั่วไป แต่ภายในจิตใจเธอนั้นเป็นคนอ่อนไหวมาก', 'รักโรแมนติก', 20, 'Img/Picture2.jpg'),
(23, 4, 'Meloholic', 'Yhingkai', 'ยูอึนโฮ(ยุนโฮ) เป็นนักเรียนจิตวิทยามีความสามารถพิเศษสามารถอ่านใจของคนอื่นได้แค่เพียงวางมือลงบนพวกเขา และสามารถดึงดูดความสนใจไปยังแต่ละคนตามแบบที่เหมาะสม เนื่องจากความสามารถพิเศษเขาไม่สามารถเปิดใจให้ทุกคนได้ และปฏิเสธที่จะเดทด้วย อยู่มาวันหนึ่งเขาได้พบกับ ฮันเยริ/ฮันจูริ(คยองซูจิน) เขาสามารถแยกแยะได้ว่าสิ่งที่เธอพูดเป็นสิ่งที่เธอคิด แต่เขาก็รู้ว่าเธอมีบุคลิกที่แตกต่างกัน (เรียบเรียงโดย korea.tlcthai.com – นำไปใช้กรุณาให้เครดิตด้วย)', 'รักโรแมนติก', 16, 'Img/Picture3.jpg'),
(24, 4, 'Descendants of the sun', 'Yhingkai', 'เรื่องราวเริ่มต้นจากความเข้าใจผิดของ คัง โมยอน คุณหมอสาวคนสวยแห่งโรงพยาบาลแฮซอง ที่ได้มีโอกาสมารักษาหัวขโมยที่ขโมยโทรศัพท์มือถือของ ซอ แดยอง เพื่อนทหารร่วมทีมเดียวกับ ยู ชีจิน กัปตันหนุ่ม จนทำให้ ยู ชีจิน และ ซอ แดยอง เพื่อนหนุ่ม ที่ออกเวรมาพร้อมกัน ต้องมาช่วยกันตามหาโทรศัพท์มือถือที่หายไป จน ยู ชีจินได้พบกับคุณหมอ คัง โมยอน และตกหลุมรักเธอตั้งแต่แรกพบ แต่สุดท้าย ยู ชีจิน และ ซอ แดยอง ก็ต้องมาช่วยเจ้าเด็กหนุ่มหัวขโมยจากแก๊งอันธพาลที่รุมทำร้ายจนทำให้ ยู ชีจิน ได้รับบาดเจ็บ แต่ คัง โมยอน กลับเข้าใจผิดว่า ยู ชีจินและ ซอ แดยอง เป็นคนทำร้ายเจ้าหัวขโมยคนนั้นจนสะบักสะบอม แต่เมื่อ คัง โมยอน ได้ตรวจดูกล้องวงจรปิดของโรงพยาบาลจึงเห็นว่า ยู ซีจินไม่ได้ทำร้ายหนุ่มขี้ขโมยคนนั้น แต่เขากับเพื่อน กลับช่วยชีวิตเด็กหนุ่มคนนั้นจากแก๊งอันธพาลจริงๆ', 'รักโรแมนติก', 16, 'Img/Picture4.jpg'),
(25, 4, 'While you were sleeping', 'Yhingkai', 'บอกเล่าเรื่องราวของผู้หญิงที่สามารถมองเห็นอุบัติเหตุที่เกิดขึ้นในอนาคตผ่านความฝันของเธอ กับพนักงานอัยการที่พยายามจะยับยั้งความฝันไม่ให้กลายเป็นจริง อีจองซอก รับบทเป็นพนักงานอัยการชองแจชันซึ่งชีวิตของเขาต้องยุ่งเหยิงหลังจากที่เขาย้ายที่อยู่ใหม่เพื่อทำงาน และได้พบกับผู้หญิงที่โชคร้าย ซูจีรับบทเป็นนักข่าวนัมฮงจู ที่กำลังรอโอกาสในการทำงานและรู้สึกไร้อำนาจที่รู้ว่าจะเกิดอะไรขึ้นในอนาคต แต่ไม่สามารถเปลี่ยนแปลงได้ เรื่องเริ่มต้นขึ้นเมื่อทั้งสองพบกัน พวกเขาจะสามารถแก้ปัญหาได้หรือไม่?', 'รักโรแมนติก', 32, 'Img/Picture5.jpg'),
(26, 10, 'Hospital Ship', 'MyMind', 'เรื่องราวความรักระหว่างอายุรแพทย์ที่แสดนอบอุ่น และศัลยแพทย์ที่เย็นชา', 'หมวดหมู่นิยาย', 40, 'Img/Picture6.jpg'),
(27, 10, 'cheese in the trap', 'MyMind', 'ฮง เป็น สาวน้อยน่ารักและเฉลียวฉลาด เธอได้รับความช่วยเหลือจาก ยูจุง รุ่นพี่ที่มหาวิทยาลัย ที่ช่วยดูแลเธอ ช่วยงานเธอ หลังจากนั้นฮงก็เลยเริ่มออกไปเที่ยวกับจุง แต่ยิ่งออกไปด้วยกัน ฮงยิ่งเริ่มสงสัยในตัวจุงว่าเขาเป็นคนมีลับลมคมใน', 'รักโรแมนติก', 16, 'Img/Picture7.jpg'),
(28, 10, 'Doctor', 'MyMind', ' ซีรีส์เรื่องนี้ อ้างอิงถึงหลักความจริงในความสัมพันธ์อีกความสัมพันธ์หนึ่ง ที่หลายๆคนไม่ค่อยที่จะนึกถึง ของหมอและคนไข้ รวมไปถึงทัศนคติทางการศึกษาและพื้นฐานของคนในสังคม สาวน้อย ยูฮเยจอง (พัคชินฮเย) หัวโจกสมัยเรียนมัธยม เด็กแก่นดื้อรั้นหัวชนฝา', 'หมวดหมู่นิยาย', 16, 'Img/Picture9.jpg'),
(29, 10, 'Love in the moonlight', 'MyMind', '\"ฮง ราอน\" เป็นเด็กสาวที่ถูกมารดาบังคับให้แต่งกายเป็นชายตั้งแต่ยังเด็กด้วยเหตุผลบางประการ  เธอจึงต้องปลอมตัวเป็นผู้ชายและตั้งตนเป็นกูรูด้านความรัก โดยมีรายได้หลักจากการเป็นนักเขียนและที่ปรึกษาปัญหาหัวใจ แต่จดหมายรักที่เธอเขียนให้ลูกค้ากลับนำพาเธอมาพบกับ \"องค์ชายลียอง\"* ซึ่งเป็นองค์รัชทายาท ถึงกระนั้นต่างฝ่ายต่างไม่รู้ฐานะและตัวตนที่แท้จริงของกันและกัน', 'รักโรแมนติก', 16, 'Img/Picture8.jpg'),
(30, 12, 'สามน้องสุดสวย', 'puiweemik', 'กาลครั้งหนึ่งนานมาแล้ว นานมากจนจำไม่ได้ งั้นจบเลยละกัน', 'รักโรแมนติก', 2, 'Img/LandScepess (102).jpg'),
(31, 13, 'ทำไงดี', 'mind', 'อย่างชื่อ', 'หมวดหมู่นิยาย', 2, 'Img/undefined'),
(32, 14, 'admin ผู้ยิ่งใหญ่', 'admin', 'admin ผู้มีสิทธิ์ในการเพิ่มลบทุกสรรพสิ่ง หากใครขัดขืนผู้นั่นต้องโดนแบน', 'สยองขวัญ', 1, 'Img/tenor.gif'),
(35, 13, '', 'mind', '', 'หมวดหมู่นิยาย', 0, 'Img/undefined');

-- --------------------------------------------------------

--
-- Table structure for table `novelreply`
--

CREATE TABLE `novelreply` (
  `reID` int(3) NOT NULL,
  `noID` int(3) NOT NULL,
  `CreateDate` datetime NOT NULL,
  `Details` text NOT NULL,
  `Name` varchar(20) NOT NULL,
  `imgurl` varchar(100) NOT NULL
) ENGINE=InnoDB DEFAULT CHARSET=utf8;

--
-- Dumping data for table `novelreply`
--

INSERT INTO `novelreply` (`reID`, `noID`, `CreateDate`, `Details`, `Name`, `imgurl`) VALUES
(0, 11, '2017-11-14 04:48:33', 'เสื่อมเหลือเกิน', 'a', 'Img/Untitled.png'),
(0, 11, '2017-11-14 04:49:40', 'อิอิ ศักดิ์สิทธิ์ยิ่งนัก', 'test', 'Img/eucliwood.jpg'),
(0, 12, '2017-11-14 08:34:46', 'สุดยอดดดดดดดด', 'Yhingkai', 'Img/15826277_1617491078560418_9075062991425391051_n.jpg'),
(0, 18, '2017-11-15 15:41:33', '', 'puiweemik', 'Img/LandScepess'),
(0, 18, '2017-11-15 15:41:41', 'hellooooooooooooooo', 'puiweemik', 'Img/LandScepess'),
(0, 17, '2017-11-16 17:39:01', 'สนุกมากค่ะ', '', ''),
(0, 17, '2017-11-16 17:39:18', 'สนุกมากค่ะ', '', ''),
(0, 17, '2017-11-16 18:17:06', 'ตื่นเต้นจัง', 'mind', 'Img/MV5BODA3NDQ0NDYwNF5BMl5BanBnXkFtZTgwMjYyNzk4MjI@._CR102,425,822,616_UX614_UY460._SY230_SX307_AL_'),
(0, 17, '2017-11-16 19:40:44', 'ติดตามครับ ^^', 'test', 'Img/eucliwood.jpg'),
(0, 11, '2017-11-16 19:48:34', 'แต่งนิยายเสื่อมระวังโดนแบนนะครับ ^-^', 'admin', 'Img/tenor.gif'),
(0, 18, '2017-11-16 22:33:23', 'ดีจ้า', 'vickclub', 'Img/profile.jpg'),
(0, 19, '2017-11-16 22:36:02', 'สนุกมากๆเลย', 'vickclub', 'Img/profile.jpg');

-- --------------------------------------------------------

--
-- Table structure for table `profile`
--

CREATE TABLE `profile` (
  `perID` int(3) NOT NULL,
  `username` varchar(20) NOT NULL,
  `password` varchar(20) NOT NULL,
  `birthday` varchar(20) NOT NULL,
  `gender` char(1) NOT NULL,
  `email` varchar(20) NOT NULL,
  `imgurl` varchar(100) NOT NULL
) ENGINE=InnoDB DEFAULT CHARSET=utf8;

--
-- Dumping data for table `profile`
--

INSERT INTO `profile` (`perID`, `username`, `password`, `birthday`, `gender`, `email`, `imgurl`) VALUES
(1, 'a', 'a', '2017-11-15', 'M', 'a@a.com', 'Img/Untitled.png'),
(2, 'test', 'test', '2017-11-10', 'F', 'test@test.com', 'Img/eucliwood.jpg'),
(3, 'เหมียว', '123', '2017-11-07', 'M', 'maw@gmail.com', 'Img/Algorithm1.jpg'),
(4, 'Yhingkai', '123', '1999-04-09', 'F', 'yhingkai@gmail,com', 'Img/15826277_1617491078560418_9075062991425391051_n.jpg'),
(5, 'b', 'b', '2017-11-04', 'M', 'b@b.com', 'Img/Untitled-1.png'),
(6, 'mind', '12345678', '2017-11-16', 'F', 'mind@hotmail.com', 'Img/profile.jpg'),
(7, 'หนานไพ่', '123', '2017-10-30', 'M', 'hnanpai@gmail.com', 'Img/profile.jpg'),
(8, 'Eucliwood', '123', '2017-11-07', 'M', '57050194@kmitl.ac.th', 'Img/profile.jpg'),
(9, 'Rojrave', '123', '2017-11-01', 'M', 'Rojrave@gmail.com', 'Img/profile.jpg'),
(10, 'MyMind', '123', '2017-11-10', 'F', 'MyMind@gmail.com', 'Img/profile.jpg'),
(11, 'Ployyy', '123', '2017-11-01', 'F', 'Ployyy@gmail.com', 'Img/profile.jpg'),
(12, 'puiweemik', '1234', '1996-09-16', 'F', '58050212@kmitl.ac.th', 'Img/LandScepess'),
(13, 'mind', '1234', '2017-11-09', 'F', 'm@hotmail.com', 'Img/MV5BODA3NDQ0NDYwNF5BMl5BanBnXkFtZTgwMjYyNzk4MjI@._CR102,425,822,616_UX614_UY460._SY230_SX307_AL_'),
(14, 'admin', 'admin', '2009-06-17', 'M', 'admin@gmail.com', 'Img/tenor.gif'),
(15, 'vickclub', 'vick1234', '1996-03-09', 'M', 'vickclub@gmail.com', 'Img/profile.jpg'),
(16, 'ploy', '1234', '1996-02-12', 'F', 'ploy@gmail.com', 'Img/3-392.jpg');

-- --------------------------------------------------------

--
-- Table structure for table `reply`
--

CREATE TABLE `reply` (
  `ReplyID` int(5) UNSIGNED ZEROFILL NOT NULL,
  `QuestionID` int(5) UNSIGNED ZEROFILL NOT NULL,
  `CreateDate` datetime NOT NULL,
  `Details` text NOT NULL,
  `Name` varchar(50) NOT NULL
) ENGINE=MyISAM DEFAULT CHARSET=utf8;

--
-- Dumping data for table `reply`
--

INSERT INTO `reply` (`ReplyID`, `QuestionID`, `CreateDate`, `Details`, `Name`) VALUES
(00008, 00021, '2017-11-14 04:48:50', 'โอ้วชิด', 'a'),
(00009, 00022, '2017-11-14 08:34:13', 'ว๊าววว', ''),
(00010, 00022, '2017-11-14 08:34:27', '', ''),
(00011, 00022, '2017-11-14 08:34:33', '', ''),
(00012, 00022, '2017-11-14 08:34:33', '', ''),
(00013, 00024, '2017-11-15 15:48:25', 'สพ้าำพนเา้กพม้เกพายน้', 'ชื่อออออออ'),
(00014, 00024, '2017-11-15 15:48:53', 'ส่วนนี้คืออะไรอ่า คอมเม้นหรอม', 'สวย1'),
(00015, 00024, '2017-11-15 16:01:15', '', ''),
(00016, 00025, '2017-11-16 18:18:42', 'werge34r11223', '34'),
(00017, 00026, '2017-11-16 19:51:28', 'โอ้ว รูปปกนิยายก๋็ด้วย', 'admin');

-- --------------------------------------------------------

--
-- Table structure for table `webboard`
--

CREATE TABLE `webboard` (
  `QuestionID` int(5) UNSIGNED ZEROFILL NOT NULL,
  `noID` int(3) NOT NULL,
  `CreateDate` datetime NOT NULL,
  `Question` varchar(255) NOT NULL,
  `Details` text NOT NULL,
  `View` int(5) NOT NULL,
  `Reply` int(5) NOT NULL
) ENGINE=MyISAM DEFAULT CHARSET=utf8;

--
-- Dumping data for table `webboard`
--

INSERT INTO `webboard` (`QuestionID`, `noID`, `CreateDate`, `Question`, `Details`, `View`, `Reply`) VALUES
(00021, 11, '2017-11-14 04:47:39', 'กำเนิดกะปู๋', 'ค็อกๆๆๆๆๆๆ', 13, 1),
(00022, 12, '2017-11-14 08:34:00', 'ไก่ตัวที่1', 'ไก่ตัวที่ 1 เดินขึ้นฟ้า ไปหาพระอาทิต', 7, 4),
(00023, 13, '2017-11-14 12:06:03', 'ดับ', 'ๆไฟพะ้ัะพำดเ้่้เด่าสเัดัด่', 2, 0),
(00024, 30, '2017-11-15 15:47:17', 'หญิงสาวคนที่ 1', 'เขาเป็นโรคไขมันสูง และตอนนี้เขากำลังนอนอืดอยู่ นอนนึกถึงถังแตกที่ไม่ได้กิน ', 12, 3),
(00025, 31, '2017-11-16 18:18:16', '11', '342ewe', 7, 1),
(00026, 32, '2017-11-16 19:51:04', 'กำเนิด admin', 'admin ผู้เกิดมาพร้อมรูปโปรไฟล์เคลื่อนได้คนเดียวในโลก แสดงให้เห็นถึงอำนาจที่ยิ่งใหญ่ ', 6, 1),
(00027, 31, '2017-11-16 20:57:56', '', '', 0, 0);

--
-- Indexes for dumped tables
--

--
-- Indexes for table `novel`
--
ALTER TABLE `novel`
  ADD PRIMARY KEY (`noID`);

--
-- Indexes for table `profile`
--
ALTER TABLE `profile`
  ADD PRIMARY KEY (`perID`);

--
-- Indexes for table `reply`
--
ALTER TABLE `reply`
  ADD PRIMARY KEY (`ReplyID`);

--
-- Indexes for table `webboard`
--
ALTER TABLE `webboard`
  ADD PRIMARY KEY (`QuestionID`);

--
-- AUTO_INCREMENT for dumped tables
--

--
-- AUTO_INCREMENT for table `novel`
--
ALTER TABLE `novel`
  MODIFY `noID` int(3) NOT NULL AUTO_INCREMENT, AUTO_INCREMENT=36;
--
-- AUTO_INCREMENT for table `profile`
--
ALTER TABLE `profile`
  MODIFY `perID` int(3) NOT NULL AUTO_INCREMENT, AUTO_INCREMENT=17;
--
-- AUTO_INCREMENT for table `reply`
--
ALTER TABLE `reply`
  MODIFY `ReplyID` int(5) UNSIGNED ZEROFILL NOT NULL AUTO_INCREMENT, AUTO_INCREMENT=18;
--
-- AUTO_INCREMENT for table `webboard`
--
ALTER TABLE `webboard`
  MODIFY `QuestionID` int(5) UNSIGNED ZEROFILL NOT NULL AUTO_INCREMENT, AUTO_INCREMENT=28;
/*!40101 SET CHARACTER_SET_CLIENT=@OLD_CHARACTER_SET_CLIENT */;
/*!40101 SET CHARACTER_SET_RESULTS=@OLD_CHARACTER_SET_RESULTS */;
/*!40101 SET COLLATION_CONNECTION=@OLD_COLLATION_CONNECTION */;
